proj_acc,mcmc_acc
0.9032258064516129,0.75
0.8951612903225806,0.7479838709677419
